{
    "bulk_energies": {
        "O": -0.17747231201,
        "Sr": -0.06043637668,
        "SrTiO3": -1.470008697358702
    },
    "stoidict": {
        "Sr": 0.49995161381315867,
        "Ti": -0.0637500349111578,
        "O": -0.31241304903276834,
        "offset": -11.324476454433157
    },
    "stoics": {
        "Sr": 1,
        "Ti": 1,
        "O": 3
    },
    "ref_formula": "SrTiO3",
    "ref_element": "Ti"
}
