{
    "bulk_energies": {
        "O2": -0.3549446240233763,
        "Sr": -0.06043637668,
        "SrTiO3": -1.470008697358702
    },
    "stoidict": {
        "Sr": 0.49995161381315867, 
        "Ti": -0.0637500349111578, 
        "O": -0.31241304903276834, 
        "offset": -11.324476454433157
    }
}